Workbook

Sheet Топ игроков
B1: Player ID | C1: Player Name | D1: Total (Overall) ($) | E1: Highest Paying Game | F1: Total (Game) ($) | G1: % of Total | H1: Country | I1: Number of Tournaments | J1: Income categories
A2: 1. | B2: N0tail | C2: Johan Sundstein | D2: 7184163 | E2: Dota 2 | F2: 7172436.8 | G2: 99.84 | H2: Denmark | I2: 130 | J2: =IF(F2<500000,"100k–500k", IF(F2<1000000,"500k–1M", IF(F2<5000000,"1M–5M","5M+"))) -> 5M+
A3: 2. | B3: JerAx | C3: Jesse Vainikka | D3: 6486624 | E3: Dota 2 | F3: 6486075.2 | G3: 99.99 | H3: Finland | I3: 68 | J3: =IF(F3<500000,"100k–500k", IF(F3<1000000,"500k–1M", IF(F3<5000000,"1M–5M","5M+"))) -> 5M+
A4: 3. | B4: Miposhka | C4: Yaroslav Naidenov | D4: 6227771.5 | E4: Dota 2 | F4: 6227771.5 | G4: 100 | H4: Russia | I4: 123 | J4: =IF(F4<500000,"100k–500k", IF(F4<1000000,"500k–1M", IF(F4<5000000,"1M–5M","5M+"))) -> 5M+
A5: 4. | B5: ana | C5: Anathan Pham | D5: 6024412 | E5: Dota 2 | F5: 6024412 | G5: 100 | H5: Australia | I5: 26 | J5: =IF(F5<500000,"100k–500k", IF(F5<1000000,"500k–1M", IF(F5<5000000,"1M–5M","5M+"))) -> 5M+
A6: 5. | B6: Ceb | C6: Sébastien Debs | D6: 5949442.7 | E6: Dota 2 | F6: 5949442.7 | G6: 100 | H6: France | I6: 82 | J6: =IF(F6<500000,"100k–500k", IF(F6<1000000,"500k–1M", IF(F6<5000000,"1M–5M","5M+"))) -> 5M+
A7: 6. | B7: Yatoro | C7: Ilya Mulyarchuk | D7: 5932736 | E7: Dota 2 | F7: 5932736 | G7: 100 | H7: Ukraine | I7: 59 | J7: =IF(F7<500000,"100k–500k", IF(F7<1000000,"500k–1M", IF(F7<5000000,"1M–5M","5M+"))) -> 5M+
A8: 7. | B8: Collapse | C8: Magomed Khalilov | D8: 5928111.1 | E8: Dota 2 | F8: 5928111.1 | G8: 100 | H8: Russia | I8: 62 | J8: =IF(F8<500000,"100k–500k", IF(F8<1000000,"500k–1M", IF(F8<5000000,"1M–5M","5M+"))) -> 5M+
A9: 8. | B9: Topson | C9: Topias Taavitsainen | D9: 5898810.6 | E9: Dota 2 | F9: 5898810.6 | G9: 100 | H9: Finland | I9: 44 | J9: =IF(F9<500000,"100k–500k", IF(F9<1000000,"500k–1M", IF(F9<5000000,"1M–5M","5M+"))) -> 5M+
A10: 9. | B10: Mira | C10: Miroslaw Kolpakov | D10: 5638899 | E10: Dota 2 | F10: 5638899 | G10: 100 | H10: Ukraine | I10: 54 | J10: =IF(F10<500000,"100k–500k", IF(F10<1000000,"500k–1M", IF(F10<5000000,"1M–5M","5M+"))) -> 5M+
A11: 10. | B11: KuroKy | C11: Kuro Takhasomi | D11: 5295698.8 | E11: Dota 2 | F11: 5293199.6 | G11: 99.95 | H11: Germany | I11: 135 | J11: =IF(F11<500000,"100k–500k", IF(F11<1000000,"500k–1M", IF(F11<5000000,"1M–5M","5M+"))) -> 5M+
A12: 11. | B12: Miracle- | C12: Amer Al-Barkawi | D12: 4913585.3 | E12: Dota 2 | F12: 4913585.3 | G12: 100 | H12: Jordan | I12: 86 | J12: =IF(F12<500000,"100k–500k", IF(F12<1000000,"500k–1M", IF(F12<5000000,"1M–5M","5M+"))) -> 1M–5M
A13: 12. | B13: Matumbaman | C13: Lasse Urpalainen | D13: 4873086.2 | E13: Dota 2 | F13: 4873086.2 | G13: 100 | H13: Finland | I13: 87 | J13: =IF(F13<500000,"100k–500k", IF(F13<1000000,"500k–1M", IF(F13<5000000,"1M–5M","5M+"))) -> 1M–5M
... A501: 500. | B501: Xxiao | C501: Zheng, Qi | D501: 551231.84 | E501: CrossFire | F501: 551231.84 | G501: 100 | H501: China | I501: 33 | J501: =IF(F501<500000,"100k–500k", IF(F501<1000000,"500k–1M", IF(F501<5000000,"1M–5M","5M+"))) -> 500k–1M

Sheet Топ игр
B1: Name | C1: Total Prize Pool ($) | D1: Number of Players | E1: Number of Tournaments | F1: The average amount of prize money per player | G1: The average prize pool for the tournament
A2: 1. | B2: Dota 2 | C2: 3.7739678e+08 | D2: 5069 | E2: 1984 | F2: =C2/D2 -> 74451.92 | G2: =C2/E2 -> 190220.15
A3: 2. | B3: Fortnite | C3: 2.0289211e+08 | D3: 10952 | E3: 2575 | F3: =C3/D3 -> 18525.576 | G3: =C3/E3 -> 78793.052
A4: 3. | B4: Counter-Strike: Global Offensive | C4: 1.6275725e+08 | D4: 16571 | E4: 7100 | F4: =C4/D4 -> 9821.812 | G4: =C4/E4 -> 22923.556
A5: 4. | B5: League of Legends | C5: 1.2195307e+08 | D5: 9680 | E5: 3034 | F5: =C5/D5 -> 12598.457 | G5: =C5/E5 -> 40195.474
A6: 5. | B6: Arena of Valor | C6: 1.1151126e+08 | D6: 2291 | E6: 183 | F6: =C6/D6 -> 48673.617 | G6: =C6/E6 -> 609351.13
A7: 6. | B7: PLAYERUNKNOWN'S BATTLEGROUNDS Mobile | C7: 89785122 | D7: 4312 | E7: 344 | F7: =C7/D7 -> 20822.153 | G7: =C7/E7 -> 261003.26
A8: 7. | B8: PLAYERUNKNOWN’S BATTLEGROUNDS | C8: 67037708 | D8: 4017 | E8: 642 | F8: =C8/D8 -> 16688.501 | G8: =C8/E8 -> 104420.11
A9: 8. | B9: Rocket League | C9: 53585681 | D9: 9593 | E9: 5262 | F9: =C9/D9 -> 5585.9148 | G9: =C9/E9 -> 10183.52
A10: 9. | B10: Rainbow Six Siege | C10: 49885253 | D10: 3084 | E10: 573 | F10: =C10/D10 -> 16175.504 | G10: =C10/E10 -> 87059.778
A11: 10. | B11: StarCraft II | C11: 43451866 | D11: 2280 | E11: 7535 | F11: =C11/D11 -> 19057.836 | G11: =C11/E11 -> 5766.671
A12: 11. | B12: Counter-Strike 2 | C12: 40994147 | D12: 4682 | E12: 840 | F12: =C12/D12 -> 8755.6915 | G12: =C12/E12 -> 48802.556
A13: 12. | B13: Overwatch | C13: 35274412 | D13: 4047 | E13: 848 | F13: =C13/D13 -> 8716.1879 | G13: =C13/E13 -> 41597.184
... A21: 20. | B21: Call of Duty: Warzone | C21: 13854810 | D21: 1287 | E21: 407 | F21: =C21/D21 -> 10765.198 | G21: =C21/E21 -> 34041.302

Sheet Сводная таблица распределение и

Sheet Лист9

Sheet Лист10

Sheet Анализ топ игроков
A1: Average income ($) | B1: =AVERAGE('Топ игроков'!F2:F501) -> 1159217.3
A2: The median | B2: =MEDIAN('Топ игроков'!F2:F501) -> 802094
A3: The sum of all prize money ($) | B3: =SUM('Топ игроков'!F2:F501) -> 579608665
A4: The sum of prize money of the top 10 players | B4: =SUM('Топ игроков'!F2:F11) -> 60551895
A5: The share of the top 10 players | B5: =SUM('Топ игроков'!F2:F11) / SUM('Топ игроков'!F2:F501) -> 0.10447031
A6: The share of the top 100 players | B6: =SUM('Топ игроков'!F2:F101) / SUM('Топ игроков'!F2:F501) -> 0.46769314
A7: Number of players with a total income of "5M+" | B7: =COUNTIF('Топ игроков'!J:J,"5M+") -> 10
A8: Number of players with total income of "1M–5M" | B8: =COUNTIF('Топ игроков'!J:J,"1M–5M") -> 172
A9: Number of players with a total income of "500k–1M" | B9: =COUNTIF('Топ игроков'!J:J,"500k–1M") -> 256
A10: Number of players with a total income of "100k-500k" | B10: =COUNTIF('Топ игроков'!J:J,"100k–500k") -> 62
